1.232611490675882e-48,0.0,0.0,0.0,1.6623570477724256e-57,4.263622249493326e-72,0.0,0.0,0.0,0.8013336500515846,5.776327950638024e-35,0.0,0.0,8.505556899756402e-156,2.99865977847827e-30,0.0,0.0,0.0,0.00046143508252982705,0.0,0.0,0.0,1.269924860428839e-46,1.3026911503064945e-12,2.4177716533917427e-18,2.15971227778478e-167,0.0,0.0,0.0,0.0,0.0,3.0770719130960765e-52,0.0,0.0,2.2166637346921476e-15,0.0,0.0,5.671502985362826e-31,1.253617768994873e-239,0.0,7.335149020160408e-18,9.276212660451572e-70,0.0,0.1982049148645805,0.0,0.0,0.0,0.0,0.0
1.6443174868675915e-255,3.4756806103337494e-91,3.930227305087844e-92,2.170668086896478e-86,3.0084053062279345e-264,2.5960308442643344e-252,6.141664961321058e-70,5.839987120237745e-137,4.417802915446677e-121,4.8670686359741136e-265,1.961143677622742e-276,7.505564586129872e-95,9.898187586881851e-77,3.158943414404857e-234,5.068576730322906e-245,9.223489013950396e-11,3.630905444548908e-132,1.6092564826047557e-27,7.914997149687823e-272,1.3861334304779245e-92,9.20038902998604e-18,5.637829356602318e-54,3.4996469776822585e-236,5.907056642981902e-273,3.189037813868989e-243,1.41396522975617e-210,0.0,1.3827054750026066e-172,0.9999999990870329,8.45883138144421e-86,1.4420455258588415e-44,4.963553950475095e-230,3.485708534093159e-34,9.302161670072501e-14,2.9203900141546654e-255,1.6184874519259513e-20,8.206393500912716e-10,1.6412758577362972e-246,4.9830396704073565e-228,5.028452866509917e-56,1.4557575179605491e-269,1.258031294094314e-243,1.9627288806989408e-84,4.995816627798775e-264,4.554293117027248e-115,6.871259369436654e-132,1.068805786536109e-63,2.9979629321789893e-76,3.492297171387605e-76
1.5210389268217685e-23,0.0,0.0,0.0,1.808317609253401e-29,1.7075507337216592e-17,0.0,0.0,0.0,6.938645462758272e-59,3.8593238540640534e-48,0.0,0.0,0.005941621407563543,2.8897386449067256e-72,0.0,0.0,0.0,1.5511652990801292e-59,0.0,0.0,0.0,3.4367012734626645e-20,4.3524857357484045e-91,4.0113310743318563e-53,4.692882097594574e-27,0.0,0.0,0.0,0.0,0.0,5.495777618715006e-55,0.0,0.0,3.1979227869133238e-74,0.0,0.0,8.763744946633283e-74,0.9940583785922835,0.0,5.472512450908652e-46,1.529521655273787e-13,0.0,4.203349538616646e-57,0.0,0.0,0.0,0.0,0.0
2.3576647440410174e-199,9.020570035379868e-22,4.888398056475441e-22,0.1846870000698832,6.071710815573039e-206,1.950867552374378e-196,5.051806423230702e-23,3.912804111323183e-68,2.4196111178976856e-36,1.5486855766603775e-210,5.638002101116708e-218,4.081094339107275e-11,6.656245057253874e-30,3.924331410626835e-185,7.810852496926296e-206,1.0680959843166554e-110,3.6595173621477027e-34,1.399732173589516e-212,1.8166683516577957e-215,1.5099841965432004e-39,1.6781878736643178e-131,5.743353535175498e-13,7.404985562623818e-192,7.472262175473248e-220,4.935842486525908e-201,1.3378815578091934e-201,0.0,1.4630603332509624e-74,1.4669057972407936e-262,8.781812321478402e-87,2.632815817163676e-117,4.278797713344592e-204,1.2328193586354192e-39,8.84096635225268e-222,4.3082840340657225e-208,3.974692211237464e-308,6.740099400889506e-147,5.079140510494131e-207,1.9062173966185837e-181,4.087367935964824e-47,3.592318167068992e-212,9.100813684007274e-192,1.572163962134153e-10,9.733353178245655e-210,5.093565926884795e-29,2.1921972586327815e-74,1.1699618199019128e-36,0.6389872739975282,0.1763257257339869
1.5972005511508409e-226,4.935227439288218e-9,1.0705835439353156e-9,1.817852038488644e-25,1.7966914903950568e-235,1.0778070190104204e-222,0.0697464868210074,1.0978816769061494e-58,2.109220415314643e-32,4.891337591044319e-239,2.8118915121596616e-249,3.3366597065522856e-13,0.006879957372129263,1.6841893195087117e-203,3.751590534315186e-222,3.858231879257491e-190,4.41962960726585e-40,0.0,1.0740551494649699e-245,2.1965342283260247e-12,7.57312961922197e-78,3.833899593154385e-20,2.2458736160123507e-208,3.1772594738394785e-249,1.871888442292902e-218,2.8998441180820205e-187,0.0,8.330047126860777e-88,0.0,7.231989268205288e-20,3.1270633694797556e-18,8.51375340019648e-208,8.547441701011836e-39,1.1595219468195959e-141,2.9053297110171456e-231,0.0,3.1141883045109388e-308,1.2583871071512473e-223,1.3729507957499103e-196,0.06048213582867181,2.49624889991608e-242,3.7009423443797717e-214,1.456364095784125e-8,6.713202208696304e-238,5.99075897478701e-26,5.521949478840441e-57,0.8628913994062094,5.336492295652864e-34,1.293545083376316e-34
1.4053304365340816e-13,0.0,0.0,0.0,9.971706696407851e-6,6.802152185179007e-20,0.0,0.0,0.0,4.741589878856002e-21,0.9998567197402705,0.0,0.0,1.9964396907026612e-69,4.6365020187904994e-92,0.0,0.0,0.0,2.2953419580045546e-11,0.0,0.0,0.0,3.96791058248879e-61,3.987113424631678e-43,3.743990292887973e-72,5.456484137404882e-218,0.0,0.0,0.0,0.0,0.0,2.2596933884448903e-134,0.0,0.0,7.670655024170837e-62,0.0,0.0,3.20376260111634e-92,2.322127111321145e-104,0.0,0.0001333085299392161,4.5633860053918325e-36,0.0,8.868210146975001e-22,0.0,0.0,0.0,0.0,0.0
2.1795616991078988e-272,1.0773102432404956e-83,1.0534900779979153e-84,1.6573215044627492e-77,5.026994375849474e-281,4.13582583109778e-269,4.797466769503424e-60,1.2058511394668449e-138,1.3832979897019894e-117,3.049424906331648e-282,4.5392858605874737e-293,1.1692417893233231e-86,1.087557966098675e-67,1.7495762985607594e-250,6.250417364417567e-262,4.0067707336801607e-19,4.466636645786102e-128,4.879916585136279e-97,7.429422360315361e-289,3.4623932861362606e-86,0.000038775533378890995,1.5200230187434243e-44,1.2375443417017865e-252,2.5039740814460946e-290,4.5749521440263345e-260,1.07896904169836e-223,0.0,1.9766053089712362e-174,3.5007726450639704e-24,6.737809520109e-78,1.6036173433862213e-27,1.3031016966478155e-245,5.430006933319109e-25,0.9999612244666211,1.3704319976367082e-272,5.164413291680618e-116,2.1463525249760327e-36,1.91010280551687e-263,6.518000012951459e-244,4.777118930542833e-44,1.8204264838151354e-286,2.5565698225294444e-260,1.3880332444883814e-75,3.128699768547911e-281,3.4081939835699786e-110,1.8519725626378565e-133,6.639460262612089e-53,4.504749219047879e-68,4.962717594323895e-68
8.187328901892522e-234,4.888183211814891e-77,8.619451039549069e-78,1.6300608043402307e-66,3.5656269478788396e-242,1.2059489465691373e-230,6.4196995375726215e-62,4.958723694434477e-119,1.0184217799301917e-101,6.017051828056782e-244,1.055071698117119e-254,7.229372791049427e-77,5.073071341811677e-69,2.117865208966185e-214,1.797420956592059e-228,8.801418080460136e-15,7.052418159050517e-110,0.000321457650150574,2.0541732035347804e-250,1.226931509652586e-82,5.944997032329701e-47,5.133421483042309e-44,7.989981776753859e-218,1.958751221903695e-252,1.2620779819596684e-225,4.582901702415281e-204,0.0,8.10609987621124e-148,8.712904632450489e-30,1.5862210327126376e-91,2.0823886779389988e-72,7.595466942077915e-218,4.191986019382187e-34,8.652273956005662e-66,3.3118221229137802e-236,0.9996776152766801,9.270731605785955e-7,7.27256313501174e-230,5.672206289629804e-209,5.579308629938365e-59,7.747510312900077e-248,5.232412116920686e-223,6.83594658896526e-69,5.752885747989085e-243,6.570730364851522e-96,6.442398587311392e-117,1.5537662026843747e-61,4.8342679281553294e-57,4.511327943736471e-57
6.65304045602561e-166,0.0,0.0,0.0,3.60018620207202e-207,1.1263896425073864e-213,0.0,0.0,0.0,3.9558856838785143e-38,3.3184964518116126e-162,0.0,0.0,0.0,2.5497940881161898e-11,0.0,0.0,0.0,7.734662175281279e-62,0.0,0.0,0.0,3.675526915656497e-79,2.4533978733785314e-35,8.556457102551406e-7,7.013081390292712e-122,0.0,0.0,0.0,0.0,0.0,0.9999991443280217,0.0,0.0,9.120956464131669e-17,0.0,0.0,7.699320771437921e-13,0.0,0.0,1.4686643279827693e-107,5.060586566743237e-176,0.0,2.458142314453574e-38,0.0,0.0,0.0,0.0,0.0
2.4367553518324052e-207,0.6851460628931474,0.31369288919676175,2.1559938328739448e-37,6.880369117038753e-216,1.3559244375148254e-203,5.7431313631159285e-8,3.0461687460623965e-40,8.929056557657096e-13,3.8431947944909394e-220,7.960714342013515e-230,4.408118759794734e-6,0.0011158569832351256,3.502491013558604e-186,2.1864371628178406e-206,0.0,1.9717417869128e-17,0.0,1.5685957465911414e-226,0.00004023139295064177,1.4101135210968288e-179,6.353228897088197e-53,6.003076600763372e-192,1.2140328811194117e-230,3.5375552871793065e-202,2.1887512126863242e-180,0.0,1.054461595168445e-59,0.0,8.234509111477415e-28,1.586276667771341e-64,1.791779604607353e-195,1.081003795886465e-99,3.758294505621978e-290,9.530649486407997e-214,0.0,0.0,8.671001755030497e-208,4.671016324368014e-180,2.4912464768726437e-21,5.909454082819911e-223,5.4659646005972555e-196,4.3290655062479433e-7,4.877550520449062e-219,6.107229504181789e-8,3.757831384152901e-42,4.092832146822731e-12,4.296217418848913e-61,3.1449678736444585e-62
5.983466511839735e-190,2.828668461938081e-205,3.99094850758516e-203,0.0,3.805960849156525e-199,2.1388549223426923e-185,0.0,0.08212442114515853,4.262999104040482e-65,8.702586932270111e-206,1.0300831426256813e-214,0.0,2.5536546386950503e-248,1.0875108807437116e-164,4.2618248579511413e-190,0.0,1.6909676676723433e-100,0.0,2.0652099663524584e-212,3.211597437630658e-104,0.0,0.0,3.2982093221651956e-172,1.7108221478094513e-218,5.245301486761354e-185,9.119644012270698e-153,0.0,3.640624787467259e-26,0.0,2.8739928854351905e-64,0.0,8.689671433679925e-175,0.0,0.0,2.825026498858492e-199,0.0,0.0,1.3392271551336264e-191,6.146687271484407e-157,0.0,8.807961324155374e-208,7.869257873849308e-177,0.0,1.7504883608559716e-204,1.2821670263657178e-107,0.9178755788548415,0.0,0.0,0.0
4.268624071918723e-83,0.0,0.0,0.0,1.604155834829399e-107,1.0198244784493827e-113,0.0,0.0,0.0,3.275105068347674e-11,6.486877253850083e-81,0.0,0.0,7.014328393640011e-199,1.1101481835659878e-10,0.0,0.0,0.0,1.0497202696442336e-23,0.0,0.0,0.0,2.361201763731264e-39,3.2734719232148338e-21,0.9999999841321837,4.2148275054639755e-103,0.0,0.0,0.0,0.0,0.0,1.309526068672999e-8,0.0,0.0,2.584744485239334e-9,0.0,0.0,5.6764626857474795e-12,2.0882286465089613e-302,0.0,6.324631461047158e-48,1.0770437272809426e-93,0.0,3.836857535043195e-11,0.0,0.0,0.0,0.0,0.0
7.998425023366088e-233,9.857878015696346e-16,1.7288629768357292e-16,1.2164015915926492e-27,4.264776755466773e-242,5.687960042997121e-229,0.00028539011940234663,2.014587641939463e-69,1.166535160709875e-42,4.264526581042152e-245,5.1691318056710864e-256,2.0100849496238356e-19,3.502499207386033e-7,4.676759159857775e-209,3.8070038439356e-226,3.9495836493847576e-151,7.123961584936534e-51,0.0,4.565352334956661e-252,1.2453195196353265e-19,1.1192916580308568e-51,2.271215325905292e-15,3.3240334705291274e-213,3.7648587416656737e-255,7.186866395602239e-223,2.0835345376294988e-188,0.0,3.2164747443085785e-100,3.784926169650119e-293,6.769723369043647e-25,1.729745667733466e-10,2.7530414341657354e-210,9.034745802234632e-26,1.8694632623552954e-101,2.7370217318359356e-236,0.0,7.5342618823553e-258,1.172002839617638e-227,5.854264064535994e-202,0.935570061899824,7.736245399716276e-249,6.2252972994921684e-220,4.131881260394824e-13,6.358775293263301e-244,1.480592229554939e-35,4.4407986608546295e-67,0.06414419755746176,6.505422873179393e-33,2.1807963744328143e-33
1.7006194598881024e-13,0.0,0.0,0.0,2.8272854597474066e-19,4.609684757697408e-9,0.0,0.0,0.0,2.236839256628263e-45,1.0878883728568746e-35,0.0,0.0,0.9993257634869231,6.6895148940094006e-62,0.0,0.0,0.0,1.0131732631171516e-45,0.0,0.0,0.0,3.874403313447769e-11,7.159322442027468e-78,5.463478562620273e-42,7.993013529256099e-26,0.0,0.0,0.0,0.0,0.0,2.1016439276404776e-46,0.0,0.0,2.410046694101812e-62,0.0,0.0,2.2225869083533694e-63,0.0006593108162079463,0.0,4.0811411808101365e-33,0.000014921048269899498,0.0,1.0636639753653673e-43,0.0,0.0,0.0,0.0,0.0
1.652645705636277e-204,0.008590991400211665,0.003348306142985734,6.31732210683828e-11,1.2681669626174013e-213,1.4142441084211227e-200,0.0007554628356818642,1.3250229630103556e-45,7.358702726403537e-19,1.1676650900016906e-217,4.209054157616285e-228,0.05987607823999449,0.00008886234317575464,1.0307188825759547e-181,2.033898477166674e-201,3.2630972547609908e-208,1.9938381873141302e-22,0.0,1.7073980661288934e-224,1.1556813571853466e-10,2.3638606329767285e-127,4.2103949293476803e-20,5.239842189457371e-187,1.588475536527047e-228,2.2509884204593824e-197,2.425700802473265e-170,0.0,4.6837313123513077e-66,0.0,6.403497250997414e-34,1.135808941340876e-61,3.913281020282653e-188,6.083325806964949e-52,5.309402072695786e-219,3.727212474535755e-210,0.0,5.782465417e-315,7.064204167592742e-203,4.155964977485274e-175,3.023173554194476e-17,7.231798248051307e-221,3.4662453284759594e-192,0.9273402979963304,1.8118307963273978e-216,7.701474685583643e-13,7.621499471304132e-47,8.621085491510822e-10,3.1360392263061563e-20,5.379811164137182e-21
3.94381779721291e-157,1.1882986646718884e-163,3.019164134212084e-161,0.0,6.073886642351235e-162,4.4543607032756425e-154,3.069610081019953e-308,7.155338003273469e-31,5.443536361238136e-50,2.969865350834765e-171,4.241338989248806e-174,2.4371123257730896e-216,2.0433925812580647e-230,1.3477303073848538e-146,2.1845686729131484e-177,0.0,1.2480870980531658e-48,0.0,1.9229188705980744e-174,9.478043198752533e-130,0.0,0.0,1.0697243907287283e-157,6.198190800822664e-183,7.546283946574525e-170,1.1675371807938388e-187,0.0,1.0,0.0,6.758911852480812e-192,0.0,3.428362709786396e-182,0.0,0.0,7.926571162228132e-175,0.0,0.0,2.0273940765421093e-178,4.697282813832063e-144,0.0,1.1186834583577167e-169,3.1187849023228716e-152,1.1455902096876046e-269,1.4947007827492173e-170,2.3782579888491753e-74,5.050992464984449e-47,0.0,0.0,0.0
4.790384007207139e-222,1.0931056080345062e-69,2.7872330782528893e-70,2.4000133307041257e-52,1.4769036886321153e-229,3.835910008722666e-219,3.633405720948147e-59,8.819984944424097e-112,8.068387624890006e-91,5.2509130161276466e-232,1.3528010177891826e-241,2.60936559364558e-65,3.744234010066166e-67,1.1921916076518066e-205,1.8910474540568888e-221,1.6894183720582022e-23,1.739117607580544e-95,0.9999640408156936,8.204442980823265e-238,5.1075675102029945e-80,3.7413133928826555e-73,1.151072500661912e-38,4.096117630106302e-210,2.1553036093950055e-240,5.869005474667681e-218,3.8009772881555542e-208,0.0,2.4972728553288288e-132,3.787975909425112e-61,1.1744100223784173e-103,4.4462040901604496e-99,1.4176103157293048e-215,5.6121455812907314e-37,7.231841321792233e-110,1.7583051364412967e-226,0.00003595918361242574,6.939437873563299e-13,9.841487837231048e-223,2.6762446194927788e-201,2.10899224919221e-65,3.774885738428522e-235,6.071672934495007e-213,2.0926962952250027e-59,3.862577310834333e-231,1.1916993944872605e-84,8.840406742069455e-113,6.741653198562228e-64,1.8331398443352452e-43,1.382623173291704e-43
1.9142821163297566e-222,0.0,0.0,0.0,7.459078124778535e-267,2.3631322348501803e-290,0.0,0.0,0.0,1.0917315329872268e-31,6.436564728032714e-194,0.0,0.0,0.0,0.00019263500947390864,0.0,0.0,0.0,1.454457190054469e-59,0.0,0.0,0.0,2.8786494422061376e-134,9.937509631990839e-7,8.47740400282946e-12,5.566532091705888e-255,0.0,0.0,0.0,0.0,0.0,7.954567798318885e-26,0.0,0.0,0.9997820789822244,0.0,0.0,0.000024292248861159084,0.0,0.0,5.24436713565347e-127,5.82070141928049e-253,0.0,1.0117735501367118e-33,0.0,0.0,0.0,0.0,0.0
0.16534313253952584,0.0,0.0,0.0,0.0009603372073425014,0.8237926100276061,0.0,0.0,0.0,8.98797066851293e-25,1.7820806369280883e-13,0.0,0.0,2.6712488318366236e-11,3.0155092891678387e-56,0.0,0.0,0.0,1.443608127051611e-22,0.0,0.0,0.0,7.518329525082472e-13,2.413287517991984e-54,1.5386110369514916e-36,5.949138790462742e-71,0.0,0.0,0.0,0.0,0.0,1.321909700690269e-57,0.0,0.0,4.181738185681255e-48,0.0,0.0,2.367709463288145e-57,6.137138059307121e-26,0.0,3.934123995422834e-12,0.009903920193948972,0.0,8.918151526461088e-24,0.0,0.0,0.0,0.0,0.0
1.1299256076778821e-255,2.406773024989914e-61,2.621939049707764e-62,1.9604261909871906e-55,1.4252297576643985e-264,3.347240831649938e-252,1.1000945577016142e-39,1.682464098077076e-115,5.263262948211779e-94,2.6487466158070358e-266,2.81721060739918e-277,6.430143267234429e-64,6.7867238011249575e-47,4.392400811316254e-233,2.0834097022368718e-246,1.0950659669907605e-12,2.9662970231813125e-104,2.8209924414205785e-87,4.473024700583511e-273,2.3639476890778662e-64,0.9999941699707743,1.0072951260665912e-25,7.136739381695367e-236,5.0087973116868184e-275,4.6594357189723255e-244,2.701270493887976e-208,0.0,4.366332659467004e-151,5.8476658157869886e-33,3.1713520761881456e-59,6.933841254555532e-17,2.881668888822346e-230,2.3459090433465677e-10,5.829793539615437e-6,6.95778304340839e-257,2.559183151331228e-112,3.7914729921608613e-31,6.392406066770348e-248,2.530543221538338e-226,1.3067786007564848e-26,1.983397506298758e-270,2.785681480374566e-243,1.5849673415053694e-53,3.100536864433253e-265,1.0603229083582365e-86,8.730230910491923e-111,6.866529823947552e-34,8.414097424574722e-47,8.353425179880224e-47
8.394160104233466e-10,0.0,0.0,0.0,9.385900531296926e-19,3.2891650641289575e-12,0.0,0.0,0.0,1.2283210627415246e-23,1.0871648425723921e-26,0.0,0.0,2.5638557380843324e-23,4.695357897495997e-40,0.0,0.0,0.0,1.880885578620939e-25,0.0,0.0,0.0,0.9999939055685803,2.7457913584307355e-54,2.0215267643326678e-20,4.927508437201228e-26,0.0,0.0,0.0,0.0,0.0,6.076635353447126e-26,0.0,0.0,1.145516185564004e-39,0.0,0.0,1.6111832564795174e-41,2.2405707671047335e-47,0.0,6.162355497149797e-19,6.093588714610306e-6,0.0,3.1948868407264874e-22,0.0,0.0,0.0,0.0,0.0
9.166702304997185e-251,1.1428914801692657e-33,1.5028348174032445e-34,1.383027112405832e-50,6.039106903241475e-260,4.625021742498834e-247,4.568774323440957e-18,5.949539666975245e-90,7.095070667712116e-64,3.346243249802376e-262,3.2926442997509484e-273,5.760051551873871e-40,6.1575979639703824e-21,5.9602777415183745e-227,1.5199497927130322e-241,5.851238720108657e-160,7.841778355943101e-74,0.0,3.853307035047167e-269,3.703810531354091e-35,1.638366572636217e-38,6.7242099023880845e-31,3.936030080261357e-230,1.526931774402257e-271,5.711058419423305e-239,1.7798242351743153e-200,0.0,5.0335361040147745e-124,7.325845428255734e-284,1.242769407848457e-31,0.9999996833156144,3.443022367789772e-224,3.485824190848768e-34,2.0866261496786027e-71,1.3760391700804245e-252,0.0,2.119464722227281e-277,4.359097280283093e-243,9.440885252713952e-220,3.1667727342919287e-7,3.1491410314999025e-266,8.589263928481855e-238,4.994331844386307e-32,4.56685074900774e-261,1.1819286589943187e-56,4.381542917953709e-86,7.112268782426927e-12,4.433678325458133e-56,1.7119177829974878e-56
3.8891464248796134e-32,0.0,0.0,0.0,7.25710614673927e-40,4.946155549229114e-50,0.0,0.0,0.0,0.579796358354613,5.068050614699172e-25,0.0,0.0,1.6241752701921578e-116,5.289383347663259e-27,0.0,0.0,0.0,0.0026109321234933478,0.0,0.0,0.0,2.67403181249795e-31,2.0316321808776088e-17,3.440017665483111e-14,5.455473706739852e-133,0.0,0.0,0.0,0.0,0.0,2.411971464024015e-41,0.0,0.0,5.901282167103077e-16,0.0,0.0,6.758442877747969e-28,6.868188419431229e-185,0.0,2.351796591205598e-11,4.325681776212764e-48,0.0,0.4175927094983408,0.0,0.0,0.0,0.0,0.0
1.4214816844489271e-198,2.0230940777529302e-18,8.060572160812581e-19,0.013352646458772332,1.1193776947702082e-206,4.21039786782808e-195,6.511449215360062e-16,1.1117771208786652e-62,9.107604532995134e-36,1.0179415412389127e-210,4.380003752788801e-220,3.370043444511936e-11,5.423604888149404e-22,2.0133113843038046e-179,2.9298986577572742e-199,7.789596729387817e-88,6.765061178435819e-37,6.35856180627099e-192,8.50701087708442e-217,9.637224062570983e-32,1.2255918555852333e-100,7.615775761514508e-7,3.9507089400828966e-185,7.751260832556551e-221,6.592537051610575e-195,2.177240023176067e-179,0.0,4.1484667739171724e-78,5.04655313525953e-219,1.2149734211284976e-64,2.3699369543971757e-86,7.885301813737716e-191,1.6168361172882496e-26,7.521524102995155e-177,2.917534486455134e-205,9.364976842382331e-278,2.5918797811512154e-122,1.3266238177308414e-200,4.372417102133257e-174,1.3568449208473271e-32,2.181482420752196e-213,3.234421790646689e-188,7.787619880871036e-9,1.0734930187232598e-209,6.390766763108903e-29,1.630724876711437e-65,2.201469870901849e-25,0.735323574960476,0.2513230091818547
1.9948472008623503e-243,4.702735146356651e-62,6.075690431454978e-63,1.2028569460218548e-53,2.0723354893640404e-252,6.016654725990292e-240,1.0068813160441397e-42,4.935748761140284e-111,8.902518482827288e-92,3.538212198476165e-254,1.9851165879189542e-265,1.2359621077376634e-63,6.352912182785555e-50,3.198737836356414e-221,5.775264217962816e-235,0.9985977690413865,1.4296300728705918e-101,1.558319133192653e-24,4.617012108546016e-261,8.485359424805054e-66,7.041774507655976e-12,2.9309882486120117e-26,3.1548705919811275e-224,4.558275099565624e-263,1.910396570030327e-232,2.9878371609830984e-200,0.0,3.8207227743450045e-145,1.842633241885401e-15,2.62602426017096e-65,9.12439080589158e-33,4.54906737973581e-220,2.064520943887129e-12,2.949113454169952e-22,6.114038462885595e-245,4.0190102495730764e-32,0.0014022309495053417,1.8707379120586617e-236,1.0136418988516252e-214,1.7499657324463515e-33,2.2924932314650277e-258,3.566881106944915e-231,5.070414844855485e-54,4.285653040759621e-253,4.1130543549306893e-85,5.083637400285483e-107,5.633251019963415e-39,5.672866107116554e-44,5.777641373318115e-44
4.333636360925539e-25,0.0,0.0,0.0,5.326514466026999e-26,1.6199085516244844e-40,0.0,0.0,0.0,0.0024361670699544475,9.508543198012516e-12,0.0,0.0,1.3531127519721489e-108,6.759864718323505e-49,0.0,0.0,0.0,0.9968532723196983,0.0,0.0,0.0,1.4558317698466906e-45,3.381106804096947e-20,2.5719749683256425e-34,4.4089640727320316e-181,0.0,0.0,0.0,0.0,0.0,1.6187941429099944e-78,0.0,0.0,1.0212196606324033e-28,0.0,0.0,2.0375309929411492e-49,5.719599080914335e-170,0.0,0.00011050839545846116,7.432403293750026e-47,0.0,0.0006000522053800767,0.0,0.0,0.0,0.0,0.0
9.34602457396704e-199,0.0001772919458696564,0.00010408624142304488,5.573163666133895e-11,2.4876017403466262e-206,2.4493736423277024e-195,2.0173201205894376e-11,2.195744998067806e-45,1.3774232493071884e-15,3.739618522302194e-211,1.7578543021108494e-219,0.9605638102800466,4.840654117788791e-12,9.133883252373794e-181,5.352625511318568e-202,2.2772881742465643e-250,7.711565503566355e-16,0.0,8.846244918387779e-217,5.911207072422619e-16,2.184713884134474e-170,2.6207536002024984e-30,2.5167330704292846e-187,2.331713545436369e-221,2.3280810750667202e-197,3.3234998199251197e-186,0.0,8.977573429955998e-57,0.0,5.474530831764574e-53,1.8741918690512514e-96,2.1066018516738895e-195,1.5850579091382427e-72,3.115250921993371e-281,6.908267118573026e-207,0.0,0.0,2.6774271690601334e-203,9.935675008827172e-176,1.4801528718498251e-33,3.462031414236294e-213,3.4074357912967106e-189,0.03915481031658733,3.475548923232482e-210,1.135325127822584e-9,6.675419243531666e-50,6.880779168043614e-22,3.5537786394778863e-23,4.242858033435732e-24
3.5201637303436825e-191,1.522706505751921e-8,2.014438841396862e-8,2.200142959963351e-72,2.5044633526569016e-199,2.28890647000275e-187,1.6522855194884427e-36,2.285805996507465e-25,0.03863296190078458,6.159231065185203e-205,1.6602005207056718e-213,1.9975971635501027e-16,2.751949821853565e-23,4.929946905402883e-171,1.3230672470796109e-194,0.0,0.0009712220705475273,0.0,6.583068211695482e-211,1.1496871290693143e-10,0.0,1.287422871567826e-118,3.420646761984028e-178,3.0366783905161645e-216,1.9385964177843046e-189,1.241350808196464e-173,0.0,7.126195811062391e-35,0.0,1.3946439355400617e-45,4.818000599066653e-142,5.6081682015192685e-186,6.955521998459983e-204,0.0,2.3171643728929704e-200,0.0,0.0,5.923155830256623e-196,2.877160249997456e-165,5.552477441414199e-67,6.935929377050506e-207,1.4968450562484751e-180,1.290049893341476e-25,7.571332782231725e-204,0.9603957805422455,2.2966162603981794e-30,8.376914903883763e-47,3.022088720260318e-115,4.3280735078767185e-117
1.0739881443465774e-216,2.8631923997249006e-6,7.453619868240876e-7,9.463302774767955e-18,3.0393399387990484e-225,4.3895580975207346e-213,0.9869765479005839,1.661786772369569e-57,2.1591505694497234e-28,8.74736061679147e-229,8.515726523359629e-239,1.7242360697938564e-7,0.0038124892812171954,1.0137466294708526e-195,2.418284444816326e-214,4.939450760534678e-187,7.932020957036377e-34,0.0,3.255521541397073e-235,2.187667317588588e-13,6.577882489127235e-86,2.9297063323780945e-15,7.919925458882385e-201,1.0033163013781836e-238,1.7366283722332205e-210,1.6554993780694143e-187,0.0,5.103719037653744e-81,0.0,1.024555391605694e-31,9.03167853824028e-35,4.080316441735109e-203,1.8665860092469214e-36,1.3103424283589376e-156,6.11932886392999e-222,0.0,3.9467386916934756e-306,9.485268221353328e-216,1.2005577975727665e-189,5.592137388752363e-6,6.37143981632164e-232,2.354036191984021e-205,0.0011850732064187124,1.0374433692085894e-227,1.8291092624369073e-21,5.349420308841431e-58,0.008016516496176256,3.021676802639093e-26,7.046810284577681e-27
8.107616929126962e-234,3.617416250806461e-35,5.525427519131962e-36,2.0731485181078343e-26,9.88401544985008e-243,3.1267832373729204e-230,1.6620637043427694e-18,5.353178746865624e-89,1.5534570237615556e-64,2.908792326429548e-245,4.0958057839307367e-256,7.606808047301206e-35,1.027093408123459e-25,9.120073751369218e-212,8.637349533334816e-228,1.4067118033808963e-23,2.153682399863017e-72,4.264689711259704e-120,4.963471365151334e-252,1.1666368567510612e-41,1.048114061572721e-16,8.977532189549098e-6,1.1058751129122976e-215,1.0592580036894864e-254,1.1841297543180282e-224,1.9505717628150262e-195,0.0,1.2985910427700205e-119,2.1500992833850945e-80,6.025801150680968e-49,2.812566957990128e-24,4.292045582448172e-214,0.9999910224677769,1.6740338016727246e-44,6.4180166475397e-237,9.477568475893392e-168,3.247328389276646e-50,2.978755030947489e-229,2.5482114641136525e-205,3.338084607183598e-14,4.689999689796764e-249,9.343583028579513e-222,1.7543551662121955e-26,3.6347587150447655e-244,5.0761293670775336e-57,1.271558699256784e-86,2.968142217778847e-17,8.251727853370409e-20,6.150124113695926e-20
1.8397919119374663e-195,1.2396393114882793e-15,7.30669202882215e-16,0.9897210063504495,5.39933007654418e-203,4.434293197598607e-192,1.4412033136973068e-19,6.278666404277818e-57,5.232204818999266e-28,6.829373924785495e-208,3.4064920991213044e-216,1.4706985962031807e-6,2.4465546715225252e-24,5.937228416092915e-178,5.540998233686242e-200,4.538647431342647e-142,1.278343097459802e-26,2.1995545118490093e-273,1.8357703604903955e-213,4.373233667241735e-31,1.568108757695361e-147,1.9819015472496665e-16,1.0703536121052406e-184,3.0827167204863176e-218,5.927390725879134e-195,3.219289120584582e-186,0.0,2.933931223056425e-66,9.171686e-318,9.799877692441397e-74,9.667883832259818e-115,2.3192478144133298e-194,1.100089379705842e-48,6.352711586661546e-247,3.552601719724717e-204,0.0,3.657504666916572e-190,2.9257813500996666e-201,3.760238469616524e-173,2.0609848125684864e-44,7.566596652565454e-210,3.960088427160532e-186,6.796748455965854e-7,6.231769903360614e-207,1.895620290013746e-21,5.561878614204364e-62,6.720255236029348e-33,0.008434500878775095,0.0018423423973315453
3.6427152710367386e-210,3.706616578846958e-7,2.206521011888679e-7,6.982746950076274e-87,1.70657134264179e-219,4.8780446479078276e-206,4.368335287100411e-25,2.024440124824392e-29,1.340722760105047e-9,8.1873474654905305e-224,3.495602932469601e-234,8.713228493998979e-24,2.2155883742341887e-10,7.382663023161253e-186,3.7854411583413385e-206,0.0,3.799493855584101e-18,0.0,9.715459458252378e-231,0.9999993785837922,1.0115507015791444e-271,1.801359076945847e-114,2.755178837592843e-191,6.215193689057838e-235,3.8959653189057413e-202,2.0111228974101257e-169,0.0,3.349045885017416e-54,0.0,1.999912788390214e-9,4.969728835652897e-71,8.807425802056522e-191,8.702645948907149e-184,0.0,7.736150707244887e-216,0.0,0.0,1.1870802934734068e-207,1.4074850080720724e-178,1.3579876726152704e-36,5.605497807015035e-227,3.684284934535139e-197,1.6574942611594988e-28,1.40301784750252e-222,2.6540254464403035e-8,3.2896035263355305e-29,7.621791028834449e-25,1.061662233345068e-129,2.24611856804114e-131
5.0372066236557226e-210,0.6813486691799925,0.31803868714153655,6.984493147463795e-33,5.067305123938547e-218,2.4243629083999272e-206,5.0439963818462796e-8,1.6097981028736167e-39,1.526294491512082e-12,4.633688990486148e-223,1.5053194667772656e-231,0.000028789112646006477,0.0005483577855012328,7.33254155978306e-190,1.4774825479149514e-212,0.0,4.9294057349560847e-17,0.0,7.20742925316443e-229,0.000032745180519563164,3.6775625282868505e-178,1.9445293136070257e-49,1.2541021784952705e-196,1.1541419825941652e-233,1.3063489778382473e-207,7.406657195218449e-189,0.0,4.399133015826817e-59,0.0,1.635067666896556e-27,4.406347655658005e-66,2.205327156131873e-203,1.4613568008810021e-95,9.527074140152574e-289,2.266478096387216e-218,0.0,0.0,6.572242257812835e-214,6.797264066418408e-184,5.246020600775739e-22,3.829220980325256e-225,1.9492071906019388e-199,2.6058731941910837e-6,4.9819965440229754e-222,9.528377958539561e-8,2.2960592016511186e-41,1.3404267033489327e-12,3.040775930741625e-54,2.4160229449949445e-55
3.236751617715599e-178,3.057481633387039e-23,9.536107095315894e-23,3.664418370825493e-87,5.4012530508591324e-185,7.241391942970941e-175,2.089149617278876e-64,5.464335574655022e-29,0.00007860846263760237,2.0853235518894214e-191,4.3106126637903505e-198,9.568588499175307e-27,4.841367876824684e-49,1.351750474093871e-162,2.151448209567019e-187,0.0,0.9997898735588583,0.0,2.4858608542211227e-196,5.8711408729602865e-30,0.0,4.015318934867321e-155,8.60935744432995e-171,2.5206281700247e-202,1.1491114243237262e-181,4.5882403139045974e-181,0.0,8.482697960828722e-24,0.0,1.9713411994736266e-85,1.2909485283748872e-220,8.19541242548615e-185,1.5819968777852385e-262,0.0,9.588654858048283e-190,0.0,0.0,1.3288930787088207e-188,2.0264190263382857e-158,1.037018250707781e-111,2.833341738314259e-192,4.065302854486164e-170,1.489850736850822e-41,1.6712786788713144e-190,0.00013151797850410014,1.2374751442876304e-38,5.6754656601574386e-83,8.221050651591561e-137,5.233917184562466e-139
4.15718503475611e-205,0.6477724758030149,0.351554495936553,2.310767005012066e-32,7.842864365460345e-213,1.4389941141643963e-201,5.837379847904357e-10,9.4985080547148e-40,4.786131562962051e-11,7.513005120527874e-218,3.727546090204816e-226,0.0006573101384028387,3.203964218853079e-6,3.1001457720229124e-186,1.088684492055661e-208,0.0,4.4199663366274904e-14,0.0,1.6714477878120635e-223,2.8728366479345146e-7,4.874156108094141e-192,6.327770483917537e-52,4.360335197094817e-193,2.8554096661025594e-228,9.939522565090758e-204,7.985026477691727e-190,0.0,2.2080262966587467e-55,0.0,2.195469028011716e-36,9.17685349401696e-80,2.5376175853507357e-201,1.476657630916636e-101,1.88271564616051e-309,1.1309936173838285e-213,0.0,0.0,5.2936483399239955e-210,8.631889453434208e-181,1.636894608818773e-27,7.888585616925454e-220,3.633687558392867e-195,8.132010854874858e-6,7.340124961235676e-217,4.09423164699424e-6,4.647298397007984e-43,1.647374952702572e-16,3.782208893078509e-55,2.652598024999323e-56
0.9556578228421232,0.0,0.0,0.0,0.0013349032713013693,0.041974703538671214,0.0,0.0,0.0,4.964717481653673e-19,1.1456356753361072e-10,0.0,0.0,4.713600407868498e-19,3.023557195590991e-53,0.0,0.0,0.0,7.738862932636096e-17,0.0,0.0,0.0,9.905728281360946e-12,2.547250457038922e-48,5.999906896429999e-33,8.129397779201006e-77,0.0,0.0,0.0,0.0,0.0,1.1740462898088927e-56,0.0,0.0,1.5226276364873504e-43,0.0,0.0,2.6510952933857694e-54,4.456097977418671e-40,0.0,4.953711840441695e-8,0.0010325206863164666,0.0,3.736545135590227e-18,0.0,0.0,0.0,0.0,0.0
4.113642159371962e-37,0.0,0.0,0.0,1.6373849917363766e-48,9.042967416662245e-36,0.0,0.0,0.0,2.5486775491258537e-60,2.386538986100588e-62,0.0,0.0,4.7997340568313747e-29,3.985431442116503e-65,0.0,0.0,0.0,1.2015809377179314e-63,0.0,0.0,0.0,6.133638014507309e-17,4.1964642128933476e-94,9.877138251260015e-45,0.9999999999999999,0.0,0.0,0.0,0.0,0.0,4.1042191768088945e-35,0.0,0.0,4.38900095508335e-72,0.0,0.0,6.268694381612756e-67,1.5986516907460936e-41,0.0,1.5909273520647808e-54,3.8511934710459525e-25,0.0,2.502825244330359e-58,0.0,0.0,0.0,0.0,0.0
1.9730315707234048e-188,4.2928906823045355e-19,8.984865063549314e-19,8.539468053902204e-127,3.783179739888713e-197,2.3499135950662383e-184,1.453935286069637e-60,7.897290390411179e-17,0.9947726849804436,8.250611450138695e-203,5.678481561146196e-212,4.051236700933675e-37,5.227074703374089e-37,2.704857599817562e-166,8.691301937015601e-190,0.0,0.00009548541310488319,0.0,3.258011962211088e-209,1.8519333621483142e-12,0.0,2.2837833235824495e-188,3.197882497558288e-173,1.3095944236214973e-214,8.582418986298199e-185,7.568618996899813e-163,0.0,1.2089018945645356e-27,0.0,1.691735703151714e-40,1.3730106891181828e-169,1.8157606905471535e-178,2.6888461305261063e-300,0.0,4.268812933909294e-197,0.0,0.0,3.348938644896979e-191,7.272955897855089e-160,1.7225061104719295e-93,4.862499792290147e-205,1.0235792017167112e-176,3.8746389604231544e-51,1.2734785600982187e-201,0.005131829604599371,4.0473983581865094e-21,8.848161606452685e-69,5.943052596468645e-191,2.1083712705463114e-193
1.51070231617e-313,0.0,0.0,0.0,0.0,0.0,0.0,0.0,0.0,1.8719816707346217e-59,7.267449707314547e-284,0.0,0.0,0.0,0.9315446288706981,0.0,0.0,0.0,2.315764839322399e-100,0.0,0.0,0.0,3.3469584939892723e-177,9.50938675148097e-19,1.489462050855006e-15,7.452413665017524e-276,0.0,0.0,0.0,0.0,0.0,4.8301048168355413e-14,0.0,0.0,0.000048128811978115235,0.0,0.0,0.06840724231727403,0.0,0.0,2.5660895992004553e-192,0.0,0.0,8.05708966165112e-62,0.0,0.0,0.0,0.0,0.0
0.002111105061734706,0.0,0.0,0.0,0.9977718164400516,0.000043282666564646486,0.0,0.0,0.0,9.711593603811315e-22,0.00007179966856489098,0.0,0.0,3.355444395886564e-31,2.046160549864641e-71,0.0,0.0,0.0,5.77393477973159e-16,0.0,0.0,0.0,2.9565816318173893e-32,3.0127101052831033e-48,1.4581956956803988e-51,2.5950153684352046e-135,0.0,0.0,0.0,0.0,0.0,1.2631317269620094e-91,0.0,0.0,3.2235871851992757e-53,0.0,0.0,4.366019033215696e-72,9.08940426601887e-53,0.0,1.996163010191763e-6,7.325948043594309e-14,0.0,1.7287660842565515e-21,0.0,0.0,0.0,0.0,0.0
2.2458594884312282e-8,0.0,0.0,0.0,1.1501790405881085e-6,3.4916860353942543e-16,0.0,0.0,0.0,3.061198294300244e-9,0.019377152731035865,0.0,0.0,4.320495134298848e-62,1.7212429387698764e-57,0.0,0.0,0.0,0.00014312663348109176,0.0,0.0,0.0,6.952761875562211e-35,1.0559247898348367e-31,3.899538938835684e-40,5.8520536994113926e-155,0.0,0.0,0.0,0.0,0.0,2.5892379234021444e-82,0.0,0.0,2.3403884514561647e-38,0.0,0.0,4.318878500549845e-58,1.0065163257561901e-101,0.0,0.9804785427747362,1.388872154355984e-24,0.0,2.1619126595728604e-9,0.0,0.0,0.0,0.0,0.0
0.0024767161970551733,0.0,0.0,0.0,3.805280964946486e-8,0.02733302262420393,0.0,0.0,0.0,9.388828313233316e-27,1.959082019018728e-19,0.0,0.0,1.1998018858997215e-7,4.1326910320291e-48,0.0,0.0,0.0,2.1502975856242147e-26,0.0,0.0,0.0,0.000011229751058570236,3.4679374451448537e-57,2.1820783141416434e-29,4.7423568110929585e-43,0.0,0.0,0.0,0.0,0.0,1.8769887461929148e-40,0.0,0.0,2.1960420425306428e-45,0.0,0.0,1.9652053554821524e-49,2.5268737932686158e-21,0.0,3.034404597710558e-16,0.9701788733946837,0.0,1.9073044155819289e-25,0.0,0.0,0.0,0.0,0.0
8.053386009566925e-226,1.5234777107497959e-27,9.90314678740795e-28,8.289076656761968e-178,2.4787046232878154e-235,1.2348744024827376e-221,1.5914461159335171e-55,9.015145352134876e-35,1.6782498644685999e-21,2.340044749010558e-239,6.364880521651758e-250,6.825680474901474e-62,3.497517966152896e-28,1.9825173369643294e-200,8.241858812225616e-220,0.0,3.6597398555812294e-36,0.0,2.1001752298789073e-246,8.051824921038963e-8,0.0,1.1941177895145737e-209,2.109427997391526e-205,2.652544520730369e-250,3.784730211575349e-216,7.260608757638178e-178,0.0,1.2809882455918171e-65,0.0,0.9999999194817507,3.4089932779556494e-74,2.2498823301669835e-202,2.2032837994149122e-302,0.0,1.4001265178011031e-230,0.0,0.0,2.334258608233657e-221,1.1473320143412883e-192,3.111439461120768e-59,9.82490345688836e-243,2.9643683573126796e-212,9.295115663325596e-70,4.1787603316975476e-238,3.881747449813018e-24,1.4242629269039726e-32,5.684748524004469e-47,8.828346384573921e-252,3.76982287886402e-254
0.9161847912261347,0.0,0.0,0.0,0.07081280331488862,0.012994658570721487,0.0,0.0,0.0,2.8677609941447795e-17,1.6929424020878905e-7,0.0,0.0,1.1894781267143672e-23,3.830267065889285e-53,0.0,0.0,0.0,1.806358224410085e-14,0.0,0.0,0.0,4.522265162391251e-16,7.192271090595485e-45,4.5901740252433655e-34,1.5080239300205863e-91,0.0,0.0,0.0,0.0,0.0,8.935516725929343e-61,0.0,0.0,4.7993104889415476e-42,0.0,0.0,4.087111385816704e-54,7.6218052857268e-46,0.0,5.134813489347715e-6,2.44278050718801e-6,0.0,1.3649861390804917e-16,0.0,0.0,0.0,0.0,0.0
1.8890073508560544e-217,9.83485396708377e-21,2.1907861990270195e-21,7.140621850370411e-11,3.5632285567611566e-226,7.324403010574421e-214,6.753449785056024e-10,2.5725239306882045e-72,1.091127915666297e-45,2.7679511507461363e-229,9.32215543979357e-240,6.448035218645107e-18,1.9068303259680457e-16,2.8886006076774903e-196,8.384871967825036e-214,2.2687064976992082e-56,7.057492148824429e-51,1.0596774353772538e-181,6.739801115240547e-236,4.830803886641203e-30,1.5347900873893442e-47,0.9999991485462757,7.071205439488302e-201,4.338418227165771e-239,3.3722765645645395e-210,4.099081217846348e-186,0.0,6.341490086210355e-97,7.160118113951847e-153,4.269477388627512e-48,7.131275491794767e-42,5.371579451572274e-202,4.5562538791681407e-7,2.206131460104319e-97,7.136336293063796e-222,4.7007794011605055e-256,9.534895100660669e-95,3.174185499887778e-215,3.4075965294410526e-190,4.836448066683433e-14,1.003600726555615e-232,6.864358072665557e-206,5.1396367475140685e-12,3.397090391150332e-228,2.91373739705731e-38,3.603786981646093e-72,7.384785583508754e-13,2.6172989161040617e-7,1.33345766992204e-7
5.634659611367394e-239,8.144031863551139e-67,1.1552427589978531e-67,3.420052425861677e-58,5.421078212330791e-248,1.6893297520564364e-235,7.14702401930249e-49,2.1413387026396615e-112,1.0164280214222805e-94,9.085297422755939e-250,4.035042758010204e-261,3.691704871501944e-68,7.546076470781993e-56,6.172094048013482e-217,5.739991775416269e-231,0.0033682152134581187,2.5496739934220495e-104,9.179015845204131e-10,1.1006141290863389e-256,1.1600862592923654e-70,1.4934744648828586e-22,4.3778870197586585e-32,5.104195802410604e-220,9.584796523699576e-259,2.638671933753379e-228,1.8857923803872337e-197,0.0,1.0790609186822415e-145,4.2319361600009643e-16,5.007950310267657e-72,1.245142981242426e-44,1.482344393335089e-216,3.3008809525723144e-19,3.2358551762808976e-35,1.1157794408378492e-240,5.210902532005865e-11,0.9966317838165308,1.9031867784420547e-232,1.514179419713554e-210,2.1518571847178594e-41,5.6627456108051246e-254,8.803160007947845e-227,4.985542922969123e-59,1.1122106467536005e-248,1.674354522031271e-88,1.1768876053486642e-108,5.2305196663875246e-46,1.8794291219671016e-48,1.8897611284314762e-48
0.0,0.0,0.0,0.0,0.0,0.0,0.0,0.0,0.0,1.0959641589974118e-68,9.234804538253606e-305,0.0,0.0,0.0,0.9117394290867668,0.0,0.0,0.0,5.36366398434653e-112,0.0,0.0,0.0,1.6143934717094027e-208,1.9911767676240896e-17,1.4356839001045388e-22,0.0,0.0,0.0,0.0,0.0,0.0,7.926744727438977e-22,0.0,0.0,0.000032319256206820265,0.0,0.0,0.08822825165702645,0.0,0.0,1.2631174332054947e-211,0.0,0.0,1.0370327247518745e-71,0.0,0.0,0.0,0.0,0.0
4.1818111213545e-214,0.0,0.0,0.0,6.085009871465934e-244,2.525402393834028e-280,0.0,0.0,0.0,7.66203010170327e-30,2.6537863191398356e-167,0.0,0.0,0.0,2.825666929672502e-23,0.0,0.0,0.0,2.268804428912613e-50,0.0,0.0,0.0,1.5277857823683858e-162,0.9999999880659661,3.937737468501057e-34,0.0,0.0,0.0,0.0,0.0,0.0,2.5537549943384087e-70,0.0,0.0,1.1934033936900087e-8,0.0,0.0,1.2697154205056981e-23,0.0,0.0,2.695755839423089e-113,1.233140392799617e-259,0.0,6.549354951510804e-33,0.0,0.0,0.0,0.0,0.0
4.0741202773409713e-219,0.0031566651257246936,0.0009594496823571169,2.9570906131431395e-36,3.1719865280497084e-228,3.41133094005382e-215,0.0012957777386534194,3.576414189341136e-47,8.609798188638924e-21,5.049887869310768e-232,1.8878915858132152e-242,7.817130250976549e-10,0.9939088068903525,7.014090785352873e-196,4.95695280154126e-215,2.80672270428153e-308,6.923184491730689e-28,0.0,7.850211338458965e-239,0.000022117518078861446,2.082240495068472e-133,2.2176684291320025e-41,5.748308269306283e-201,1.4346699788764272e-242,3.1925249546381e-211,3.727798121494367e-181,0.0,2.5871971234123715e-73,0.0,2.3739439606946385e-17,5.747883476495968e-35,7.527997898894818e-201,5.3546573112045097e-76,2.3078109071402853e-222,3.472985377386607e-224,0.0,0.0,1.6586149088955752e-216,5.471965814789205e-189,8.257108885643487e-9,2.5366171656117128e-235,1.305670362678908e-206,4.3906828590230295e-8,7.576983486346113e-231,2.075595004276188e-15,1.0873088712200454e-46,0.0006571300991807637,5.3792308503505005e-55,6.265634965940624e-56
3.724312533395852e-182,1.7219562865082002e-167,1.4566999916435447e-165,0.0,4.7755934860372126e-191,1.0775699460526846e-177,1.84059e-318,0.9642383604664463,1.121069568608483e-47,4.704396110004169e-198,1.6822008673087883e-206,6.951128405803163e-274,5.38954314579712e-210,4.303340507614977e-158,4.7930028551179936e-185,0.0,3.338721195298097e-74,0.0,2.1442767530037547e-204,1.1966181187751639e-87,0.0,0.0,3.625746584595073e-166,6.604930390738658e-211,2.5043328890366548e-179,4.170281167904728e-152,0.0,1.8159410619550833e-17,0.0,1.6621056784001506e-68,0.0,7.573930780547499e-172,0.0,0.0,8.69285522400686e-193,0.0,0.0,1.6952314336909877e-186,8.570435266433918e-151,0.0,1.0860782094982665e-199,1.0387346035548817e-169,0.0,8.611230143860266e-197,2.678858589497347e-82,0.0357616395335536,1.1551317893021053e-307,0.0,0.0
0.0,0.0,0.0,0.0,0.0,0.0,0.0,0.0,0.0,0.0,0.0,0.0,0.0,0.0,0.0,0.0,0.0,0.0,0.0,0.0,0.0,0.0,0.0,0.0,0.0,0.0,1.0,0.0,0.0,0.0,0.0,0.0,0.0,0.0,0.0,0.0,0.0,0.0,0.0,0.0,0.0,0.0,0.0,0.0,0.0,0.0,0.0,0.0,0.0
